tgstation/tgstation
Baystation12/Baystation12
ParadiseSS13/Paradise
vgstation-coders/vgstation13
goonstation/goonstation
erbing/blog
BeeStation/BeeStation-Hornet
discordia-space/CEV-Eris
TauCetiStation/TauCetiClassic
tgstation/TerraGov-Marine-Corps
yogstation13/Yogstation
Aurorastation/Aurora.3
Skyrat-SS13/Skyrat-tg
BeeStation/NSV13
ChaoticOnyx/OnyxBay
goonstation/goonstation-2016
Citadel-Station-13/Citadel-Station-13
FTL13/FTL13
VOREStation/VOREStation
PolarisSS13/Polaris
tommasoc80/EventStoryLine
shiptest-ss13/Shiptest
HippieStation/HippieStationdeprecated2020
yogstation13/yogstation-2017-
NebulaSS13/Nebula
Yonaguni/EuropaStation
larzm42/dom5inspector
NTStation/NTstation13
infinitystation/Baystation12
Persistent-SS13/Persistent-Bay
Civ13/Civ13
fulpstation/fulpstation
Citadel-Station-13/Citadel-Station-13-RP
onesaitplatform/onesaitplatform-revolution
sojourn-13/sojourn-station
GeneriedJenelle/The-World-Server-Redux
HippieStationArchive/HippieStation13-1
HippieStation/HippieStation13
Derven/Lili-station
frosty-dev/white
Apollo-Community/ApolloStation
BurgerLUA/burgerstation
ColonialMarines-Mirror/ColonialMarines-2018
cmss13-devs/cmss13
goonstation/goonstation-2020
larzm42/dom4inspector
Skyrat-SS13/Skyrat13
DDMers/Deep-Space-13
quotefox/Hyper-Station-13
DS-13-Dev-Team/DS13
OracleStation/OracleStation
Whitesands13/Whitesands
austation/austation
Glloyd/Pre-Open-SS13-Host-Files-and-Source
WW2-SS13/WW13
Project-IS12/IS12-Warfare
CHOMPStation2/CHOMPStation2
Foundation-19/Foundation-19
BadDeathclaw/Drymouth-Gulch
chaolinzhanglab/ctk
minimalparts/PeARS
